Absolute Module Path,Module Position,Module Declaration,Module Complexity
D:\Eclipse\CognitiveComplexity\Test Files\Antlr4Master.java,39,"GrammarDependencies analyze(Set<File> grammarFiles, Set<File> importGrammarFiles, Tool tool)",9
D:\Eclipse\CognitiveComplexity\Test Files\Antlr4Master.java,84,void process(),15
D:\Eclipse\CognitiveComplexity\Test Files\Antlr4Master.java,146,"boolean hasSLLConflictTerminatingPrediction(PredictionMode mode, ATNConfigSet configs)",8
D:\Eclipse\CognitiveComplexity\Test Files\Antlr4Master.java,182,boolean removeFast(T obj),7
D:\Eclipse\CognitiveComplexity\Test Files\Antlr4Master.java,214,void testToStringStartStop2(),0
D:\Eclipse\CognitiveComplexity\Test Files\Antlr4Master.java,271,"void assertEquals(String expecting, String result)",0
D:\Eclipse\CognitiveComplexity\Test Files\Antlr4Master.java,275,"void process(Lexer l, Class c, Parser p, CharStream cs)",0
D:\Eclipse\CognitiveComplexity\Test Files\Antlr4Master.java,281,void debug(String s),0
D:\Eclipse\CognitiveComplexity\Test Files\Antlr4Master.java,290,byte[] checksum(File grammarFile),0
D:\Eclipse\CognitiveComplexity\Test Files\Antlr4Master.java,296,"void put(File grammarFile, AbstractMap.SimpleImmutableEntry<byte[], Collection<String>> collectionSimpleImmutableEntry)",0
D:\Eclipse\CognitiveComplexity\Test Files\Antlr4Master.java,301,Collection<String> findUsages(String relativePath),0
D:\Eclipse\CognitiveComplexity\Test Files\Antlr4Master.java,305,String getRelativePath(File grammarFile),0
D:\Eclipse\CognitiveComplexity\Test Files\Antlr4Master.java,309,"void analyse(File grammarFile, Collection<File> grammarsAndTokens, Tool tool)",0
D:\Eclipse\CognitiveComplexity\Test Files\Antlr4Master.java,326,CharStream createWithUTF8Stream(InputStream in),0
D:\Eclipse\CognitiveComplexity\Test Files\Antlr4Master.java,330,CharStream createWithUTF8(Path path),0
D:\Eclipse\CognitiveComplexity\Test Files\Antlr4Master.java,336,ANTLRInputStream(InputStreamReader r),0
D:\Eclipse\CognitiveComplexity\Test Files\Antlr4Master.java,340,ANTLRInputStream(String input),0
D:\Eclipse\CognitiveComplexity\Test Files\Antlr4Master.java,348,int size(),0
D:\Eclipse\CognitiveComplexity\Test Files\Antlr4Master.java,353,boolean isEmpty(),0
D:\Eclipse\CognitiveComplexity\Test Files\Antlr4Master.java,358,boolean contains(Object o),0
D:\Eclipse\CognitiveComplexity\Test Files\Antlr4Master.java,363,Iterator<ATNConfig> iterator(),0
D:\Eclipse\CognitiveComplexity\Test Files\Antlr4Master.java,368,Object[] toArray(),0
D:\Eclipse\CognitiveComplexity\Test Files\Antlr4Master.java,373,T[] toArray(T[] a),0
D:\Eclipse\CognitiveComplexity\Test Files\Antlr4Master.java,378,boolean add(ATNConfig atnConfig),0
D:\Eclipse\CognitiveComplexity\Test Files\Antlr4Master.java,383,boolean remove(Object o),0
D:\Eclipse\CognitiveComplexity\Test Files\Antlr4Master.java,388,boolean containsAll(Collection<?> c),0
D:\Eclipse\CognitiveComplexity\Test Files\Antlr4Master.java,393,boolean addAll(Collection<? extends ATNConfig> c),0
D:\Eclipse\CognitiveComplexity\Test Files\Antlr4Master.java,398,boolean retainAll(Collection<?> c),0
D:\Eclipse\CognitiveComplexity\Test Files\Antlr4Master.java,403,boolean removeAll(Collection<?> c),0
D:\Eclipse\CognitiveComplexity\Test Files\Antlr4Master.java,408,void clear(),0
D:\Eclipse\CognitiveComplexity\Test Files\Antlr4Master.java,413,void add(String s),0
D:\Eclipse\CognitiveComplexity\Test Files\Antlr4Master.java,417,"Transaction add(Object newInstanceWithBundle, MyExpenses.Dummy asyncTag)",0
D:\Eclipse\CognitiveComplexity\Test Files\Antlr4Master.java,427,"ATNConfig(ATNConfig c, Object none)",0
D:\Eclipse\CognitiveComplexity\Test Files\Antlr4Master.java,436,boolean allConfigsInRuleStopStates(ATNConfigSet configs),0
D:\Eclipse\CognitiveComplexity\Test Files\Antlr4Master.java,440,Collection<BitSet> getConflictingAltSubsets(ATNConfigSet configs),0
D:\Eclipse\CognitiveComplexity\Test Files\Antlr4Master.java,444,boolean hasConflictingAltSet(Collection<BitSet> altsets),0
D:\Eclipse\CognitiveComplexity\Test Files\Antlr4Master.java,448,boolean hasStateAssociatedWithOneAlt(ATNConfigSet configs),0
D:\Eclipse\CognitiveComplexity\Test Files\Antlr4Master.java,456,"boolean equals(T e, T obj)",0
D:\Eclipse\CognitiveComplexity\Test Files\Antlr4Master.java,461,int getBucket(T obj),0
D:\Eclipse\CognitiveComplexity\Test Files\Antlr4Master.java,466,LexerGrammar(String s),0
D:\Eclipse\CognitiveComplexity\Test Files\Antlr4Master.java,470,LexerInterpreter createLexerInterpreter(ANTLRInputStream antlrInputStream),0
D:\Eclipse\CognitiveComplexity\Test Files\Antlr4Master.java,479,CommonTokenStream(LexerInterpreter lexEngine),0
D:\Eclipse\CognitiveComplexity\Test Files\Antlr4Master.java,483,void fill(),0
D:\Eclipse\CognitiveComplexity\Test Files\Antlr4Master.java,489,TokenStreamRewriter(CommonTokenStream stream),0
D:\Eclipse\CognitiveComplexity\Test Files\Antlr4Master.java,493,JLabel getTokenStream(),0
D:\Eclipse\CognitiveComplexity\Test Files\Antlr4Master.java,497,"void replace(int i, int i1, String s)",0
D:\Eclipse\CognitiveComplexity\Test Files\Antlr4Master.java,501,String getText(),0
D:\Eclipse\CognitiveComplexity\Test Files\Antlr4Master.java,505,String getText(String of),0
D:\Eclipse\CognitiveComplexity\Test Files\Antlr4Master.java,509,"void insertAfter(int i, String s)",0
D:\Eclipse\CognitiveComplexity\Test Files\Antlr4Master.java,515,"String of(int i, int i1)",0
D:\Eclipse\CognitiveComplexity\Test Files\cartella 123\CarReport.java,36,boolean save(),5
D:\Eclipse\CognitiveComplexity\Test Files\cartella 123\CarReport.java,72,String getCacheDir(),0
D:\Eclipse\CognitiveComplexity\Test Files\cartella 123\CarReport.java,80,void onCreate(Bundle savedInstanceState),0
D:\Eclipse\CognitiveComplexity\Test Files\cartella 123\CarReport.java,131,"void handleFABClick(final int edit, final int otherType)",5
D:\Eclipse\CognitiveComplexity\Test Files\cartella 123\CarReport.java,163,"void showFullScreenChart(AbstractReport report, ComboLineColumnChartView v)",2
D:\Eclipse\CognitiveComplexity\Test Files\cartella 123\CarReport.java,232,void downloadFile(),7
D:\Eclipse\CognitiveComplexity\Test Files\cartella 123\CarReport.java,264,File getLocalFile(),0
D:\Eclipse\CognitiveComplexity\Test Files\cartella 123\CarReport.java,268,View getResources(),0
D:\Eclipse\CognitiveComplexity\Test Files\cartella 123\CarReport.java,272,ComboLineColumnChartView getView(),0
D:\Eclipse\CognitiveComplexity\Test Files\cartella 123\CarReport.java,276,"void applyViewport(View mFullScreenChart, boolean b)",0
D:\Eclipse\CognitiveComplexity\Test Files\cartella 123\CarReport.java,280,"ReportChartOptions loadReportChartOptions(Object context, AbstractReport report)",0
D:\Eclipse\CognitiveComplexity\Test Files\cartella 123\CarReport.java,284,Save getContext(),0
D:\Eclipse\CognitiveComplexity\Test Files\cartella 123\CarReport.java,288,Save getActivity(),0
D:\Eclipse\CognitiveComplexity\Test Files\cartella 123\CarReport.java,295,Save getContentResolver(),0
D:\Eclipse\CognitiveComplexity\Test Files\cartella 123\CarReport.java,299,Object getId(),0
D:\Eclipse\CognitiveComplexity\Test Files\cartella 123\CarReport.java,303,Object getText(),0
D:\Eclipse\CognitiveComplexity\Test Files\cartella 123\CarReport.java,307,void getCacheDir(),0
D:\Eclipse\CognitiveComplexity\Test Files\cartella 123\CarReport.java,313,"void update(Save contentResolver, FuelTypeSelection where)",0
D:\Eclipse\CognitiveComplexity\Test Files\cartella 123\CarReport.java,317,void insert(Save contentResolver),0
D:\Eclipse\CognitiveComplexity\Test Files\cartella 123\CarReport.java,321,void putCategory(String toString),0
D:\Eclipse\CognitiveComplexity\Test Files\cartella 123\CarReport.java,325,void putName(String toString),0
D:\Eclipse\CognitiveComplexity\Test Files\cartella 123\CarReport.java,331,FuelTypeSelection id(Object id),0
D:\Eclipse\CognitiveComplexity\Test Files\cartella 123\CarReport.java,337,boolean validate(),0
D:\Eclipse\CognitiveComplexity\Test Files\cartella 123\CarReport.java,341,void add(AbstractFormFieldValidator formFieldNotEmptyValidator),0
D:\Eclipse\CognitiveComplexity\Test Files\cartella 123\CarReport.java,345,void add(FormFieldNotEmptyValidator formFieldNotEmptyValidator),0
D:\Eclipse\CognitiveComplexity\Test Files\cartella 123\CarReport.java,351,FormFieldNotEmptyValidator(Save mEdtName),0
D:\Eclipse\CognitiveComplexity\Test Files\cartella 123\CarReport.java,356,AbstractFormFieldValidator(Save mEdtName),0
D:\Eclipse\CognitiveComplexity\Test Files\cartella 123\CarReport.java,388,void addTextChangedListener(TextWatcher textWatcher),0
D:\Eclipse\CognitiveComplexity\Test Files\cartella 123\CarReport.java,406,void setOnClickListener(OnClickListener onClickListener),0
D:\Eclipse\CognitiveComplexity\Test Files\cartella 123\CarReport.java,410,void setVisibility(Object gone),0
D:\Eclipse\CognitiveComplexity\Test Files\cartella 123\CarReport.java,414,void setChecked(boolean b),0
D:\Eclipse\CognitiveComplexity\Test Files\cartella 123\CarReport.java,418,"void setLayout(Object matchParent, Object wrapContent)",0
D:\Eclipse\CognitiveComplexity\Test Files\cartella 123\CarReport.java,422,"CarCursor query(Object contentResolver, Object allColumns, String s)",0
D:\Eclipse\CognitiveComplexity\Test Files\cartella 123\CarReport.java,426,void cancel(),0
D:\Eclipse\CognitiveComplexity\Test Files\cartella 123\CarReport.java,430,void setComboLineColumnChartData(Object chartData),0
D:\Eclipse\CognitiveComplexity\Test Files\cartella 123\CarReport.java,434,View getInteger(Object config_longAnimTime),0
D:\Eclipse\CognitiveComplexity\Test Files\cartella 123\CarReport.java,438,View files(),0
D:\Eclipse\CognitiveComplexity\Test Files\cartella 123\CarReport.java,442,View download(String s),0
D:\Eclipse\CognitiveComplexity\Test Files\cartella 123\CarReport.java,446,View download(FileOutputStream outputStream),0
D:\Eclipse\CognitiveComplexity\Test Files\cartella 123\CarReport.java,452,void setOnClickListener(),0
D:\Eclipse\CognitiveComplexity\Test Files\cartella 123\CarReport.java,460,void onCreate(Bundle savedInstanceState),0
D:\Eclipse\CognitiveComplexity\Test Files\cartella 123\CarReport.java,472,void setOnClickListener(OnClickListener onClickListener),0
D:\Eclipse\CognitiveComplexity\Test Files\cartella 123\CarReport.java,480,void setContentView(Object activity_setup_webdav_sync),0
D:\Eclipse\CognitiveComplexity\Test Files\cartella 123\CarReport.java,484,View getWindow(),0
D:\Eclipse\CognitiveComplexity\Test Files\cartella 123\CarReport.java,488,void setResult(Object resultCanceled),0
D:\Eclipse\CognitiveComplexity\Test Files\cartella 123\CarReport.java,492,void onOkClick(),0
D:\Eclipse\CognitiveComplexity\Test Files\cartella 123\CarReport.java,496,View findViewById(Object edt_url),0
D:\Eclipse\CognitiveComplexity\Test Files\cartella 123\CarReport.java,500,void finish(),0
D:\Eclipse\CognitiveComplexity\Test Files\cartella 123\CarReport.java,505,Preferences(CarReport carReport),0
D:\Eclipse\CognitiveComplexity\Test Files\cartella 123\CarReport.java,508,long getDefaultCar(),0
D:\Eclipse\CognitiveComplexity\Test Files\cartella 123\CarReport.java,512,boolean isShowCarMenu(),0
D:\Eclipse\CognitiveComplexity\Test Files\cartella 123\CarReport.java,534,Builder(CarReport carReport),0
D:\Eclipse\CognitiveComplexity\Test Files\cartella 123\CarReport.java,537,"Builder setItems(String[] carNames, DialogInterface.OnClickListener onClickListener)",0
D:\Eclipse\CognitiveComplexity\Test Files\cartella 123\CarReport.java,541,Builder create(),0
D:\Eclipse\CognitiveComplexity\Test Files\cartella 123\CarReport.java,545,void show(),0
D:\Eclipse\CognitiveComplexity\Test Files\cartella 123\CarReport.java,551,View suspendedSince(Date date),0
D:\Eclipse\CognitiveComplexity\Test Files\cartella 123\CarReport.java,557,long getId(),0
D:\Eclipse\CognitiveComplexity\Test Files\cartella 123\CarReport.java,561,String getName(),0
D:\Eclipse\CognitiveComplexity\Test Files\cartella 123\CarReport.java,565,int getCount(),0
D:\Eclipse\CognitiveComplexity\Test Files\cartella 123\CarReport.java,569,int getPosition(),0
D:\Eclipse\CognitiveComplexity\Test Files\cartella 123\CarReport.java,573,boolean moveToNext(),0
D:\Eclipse\CognitiveComplexity\Test Files\cartella 123\CarReport.java,578,Object getContentResolver(),0
D:\Eclipse\CognitiveComplexity\Test Files\cartella 123\CarReport.java,582,"void startActivityForResult(Intent intent, int i)",0
D:\Eclipse\CognitiveComplexity\Test Files\cartella 123\CarReport.java,586,"Intent getDetailActivityIntent(int edit, long carId, int otherType)",0
D:\Eclipse\CognitiveComplexity\Test Files\cartella 123\CarReport.java,590,void closeFABMenu(),0
D:\Eclipse\CognitiveComplexity\Test Files\cartella 123\CarReport.java,595,void getGlobalVisibleRect(Rect mCurrentFullScreenStartBounds),0
D:\Eclipse\CognitiveComplexity\Test Files\cartella 123\CarReport.java,599,"void getGlobalVisibleRect(Rect finalBounds, Point globalOffset)",0
D:\Eclipse\CognitiveComplexity\Test Files\cartella 123\CarReport.java,603,void setVisibility(Object invisible),0
D:\Eclipse\CognitiveComplexity\Test Files\cartella 123\CarReport.java,607,void setPivotX(float v),0
D:\Eclipse\CognitiveComplexity\Test Files\cartella 123\CarReport.java,611,void setPivotY(float v),0
D:\Eclipse\CognitiveComplexity\Test Files\cartella 123\CarReport.java,617,Object getChartData(ReportChartOptions options),0
D:\Eclipse\CognitiveComplexity\Test Files\cartella 123\CarReport.java,629,"void offset(int i, int i1)",0
D:\Eclipse\CognitiveComplexity\Test Files\cartella 123\CarReport.java,633,float width(),0
D:\Eclipse\CognitiveComplexity\Test Files\cartella 123\CarReport.java,637,float height(),0
D:\Eclipse\CognitiveComplexity\Test Files\cartella 123\CarReport.java,643,void setDuration(View integer),0
D:\Eclipse\CognitiveComplexity\Test Files\cartella 123\CarReport.java,647,void start(),0
D:\Eclipse\CognitiveComplexity\Test Files\cartella 123\CarReport.java,651,void addListener(AnimatorListenerAdapter animatorListenerAdapter),0
D:\Eclipse\CognitiveComplexity\Test Files\cartella 123\CarReport.java,655,Temporal play(Object ofFloat),0
D:\Eclipse\CognitiveComplexity\Test Files\cartella 123\CarReport.java,659,void cancel(),0
D:\Eclipse\CognitiveComplexity\Test Files\cartella 123\CarReport.java,665,"TemporalAdjuster ofFloat(ComboLineColumnChartView mFullScreenChartHolder, Object y, Object top, Object top1)",0
D:\Eclipse\CognitiveComplexity\Test Files\cartella 123\CarReport.java,682,SyncIoException(NetworkIOException e),0
D:\Eclipse\CognitiveComplexity\Test Files\cartella 123\CarReport.java,687,SyncParseException(Exception e),0
D:\Eclipse\CognitiveComplexity\Test Files\cartella 123\CarReport.java,693,Utils getContext(),0
D:\Eclipse\CognitiveComplexity\Test Files\cartella 123\CarReport.java,699,"boolean copyFile(File tempFile, File localFile)",0
D:\Eclipse\CognitiveComplexity\Test Files\cartella 123\CarReport.java,711,"void e(Object tag, String s, IOException e)",0
D:\Eclipse\CognitiveComplexity\Test Files\cartella 123\CarReport.java,715,"void w(Object tag, String s)",0
D:\Eclipse\CognitiveComplexity\Test Files\cartella 123\HibernateORM.java,23,Column[] getOverriddenColumn(String propertyName),4
D:\Eclipse\CognitiveComplexity\Test Files\cartella 123\HibernateORM.java,67,char[] getRole(),0
D:\Eclipse\CognitiveComplexity\Test Files\cartella 123\HibernateORM.java,71,CollectionPersister getOwnerEntityPersister(),0
D:\Eclipse\CognitiveComplexity\Test Files\cartella 123\HibernateORM.java,75,Type getIdentifierType(),0
D:\Eclipse\CognitiveComplexity\Test Files\cartella 123\HibernateORM.java,81,Object getOwner(),0
D:\Eclipse\CognitiveComplexity\Test Files\cartella 123\HibernateORM.java,87,Class<?> getReturnedClass(),0
D:\Eclipse\CognitiveComplexity\Test Files\cartella 123\HibernateORM.java,91,"char[] toLoggableString(Serializable ownerKey, Object factory)",0
D:\Eclipse\CognitiveComplexity\Test Files\cartella 123\HibernateORM.java,97,Serializable getId(),0
D:\Eclipse\CognitiveComplexity\Test Files\cartella 123\HibernateORM.java,107,TimesTenDialect(),0
D:\Eclipse\CognitiveComplexity\Test Files\cartella 123\HibernateORM.java,145,"int execute(SharedSessionContractImplementor session, QueryParameters queryParameters)",15
D:\Eclipse\CognitiveComplexity\Test Files\cartella 123\HibernateORM.java,208,"void handleAddedParametersOnUpdate(PreparedStatement ps, SharedSessionContractImplementor session, int position)",0
D:\Eclipse\CognitiveComplexity\Test Files\cartella 123\HibernateORM.java,212,"int handlePrependedParametersOnIdSelection(PreparedStatement ps, SharedSessionContractImplementor session, int position)",0
D:\Eclipse\CognitiveComplexity\Test Files\cartella 123\HibernateORM.java,216,"void prepareForUse(Object targetedPersister, SharedSessionContractImplementor session)",0
D:\Eclipse\CognitiveComplexity\Test Files\cartella 123\HibernateORM.java,220,"void releaseFromUse(Object targetedPersister, SharedSessionContractImplementor session)",0
D:\Eclipse\CognitiveComplexity\Test Files\cartella 123\HibernateORM.java,225,long extractSequenceValue(final SessionImplementor sessionImpl),4
D:\Eclipse\CognitiveComplexity\Test Files\cartella 123\HibernateORM.java,268,"String collectionInfoString(CollectionPersister persister, PersistentCollection collection, Serializable collectionKey, SharedSessionContractImplementor session)",14
D:\Eclipse\CognitiveComplexity\Test Files\cartella 123\HibernateORM.java,308,Column[] getExactOverriddenColumn(String replace),0
D:\Eclipse\CognitiveComplexity\Test Files\cartella 123\HibernateORM.java,313,StandardSQLFunction(String lower),0
D:\Eclipse\CognitiveComplexity\Test Files\cartella 123\HibernateORM.java,316,"StandardSQLFunction(String concat, Object string)",0
D:\Eclipse\CognitiveComplexity\Test Files\cartella 123\HibernateORM.java,320,StandardSQLFunction(),0
D:\Eclipse\CognitiveComplexity\Test Files\cartella 123\HibernateORM.java,326,"NoArgSQLFunction(String sysdate, Object p1, boolean b)",0
D:\Eclipse\CognitiveComplexity\Test Files\cartella 123\HibernateORM.java,340,"void setProperty(Object useStreamsForBinary, String aTrue)",0
D:\Eclipse\CognitiveComplexity\Test Files\cartella 123\HibernateORM.java,344,Environment getStatementPreparer(),0
D:\Eclipse\CognitiveComplexity\Test Files\cartella 123\HibernateORM.java,348,"PreparedStatement prepareStatement(String idInsertSelect, boolean b)",0
D:\Eclipse\CognitiveComplexity\Test Files\cartella 123\HibernateORM.java,352,"PreparedStatement prepareStatement(Update idInsertSelect, boolean b)",0
D:\Eclipse\CognitiveComplexity\Test Files\cartella 123\HibernateORM.java,356,void afterStatementExecution(),0
D:\Eclipse\CognitiveComplexity\Test Files\cartella 123\HibernateORM.java,360,Environment getLogicalConnection(),0
D:\Eclipse\CognitiveComplexity\Test Files\cartella 123\HibernateORM.java,364,Environment getResultSetReturn(),0
D:\Eclipse\CognitiveComplexity\Test Files\cartella 123\HibernateORM.java,368,int executeUpdate(PreparedStatement ps),0
D:\Eclipse\CognitiveComplexity\Test Files\cartella 123\HibernateORM.java,372,Environment getResourceRegistry(),0
D:\Eclipse\CognitiveComplexity\Test Files\cartella 123\HibernateORM.java,376,void release(PreparedStatement ps),0
D:\Eclipse\CognitiveComplexity\Test Files\cartella 123\HibernateORM.java,380,Environment getSqlExceptionHelper(),0
D:\Eclipse\CognitiveComplexity\Test Files\cartella 123\HibernateORM.java,384,"Exception convert(SQLException e, String s, String idInsertSelect)",0
D:\Eclipse\CognitiveComplexity\Test Files\cartella 123\HibernateORM.java,387,"Exception convert(SQLException e, String s, Update idInsertSelect)",0
D:\Eclipse\CognitiveComplexity\Test Files\cartella 123\HibernateORM.java,391,PreparedStatement prepareStatement(Update queryString),0
D:\Eclipse\CognitiveComplexity\Test Files\cartella 123\HibernateORM.java,395,ResultSet extract(PreparedStatement query),0
D:\Eclipse\CognitiveComplexity\Test Files\cartella 123\HibernateORM.java,399,EntityEntry getEntry(Object collectionOwner),0
D:\Eclipse\CognitiveComplexity\Test Files\cartella 123\HibernateORM.java,403,"Object convert(long l, Object nanoseconds)",0
D:\Eclipse\CognitiveComplexity\Test Files\cartella 123\HibernateORM.java,409,"void registerFunction(String lower, StandardSQLFunction lower1)",0
D:\Eclipse\CognitiveComplexity\Test Files\cartella 123\HibernateORM.java,413,Environment getDefaultProperties(),0
D:\Eclipse\CognitiveComplexity\Test Files\cartella 123\HibernateORM.java,417,"void registerColumnType(int bit, String tinyint)",0
D:\Eclipse\CognitiveComplexity\Test Files\cartella 123\HibernateORM.java,422,Environment getJdbcCoordinator(),0
D:\Eclipse\CognitiveComplexity\Test Files\cartella 123\HibernateORM.java,426,Environment getJdbcServices(),0
D:\Eclipse\CognitiveComplexity\Test Files\cartella 123\HibernateORM.java,430,Environment getPersistenceContext(),0
D:\Eclipse\CognitiveComplexity\Test Files\cartella 123\HibernateORM.java,434,Object getFactory(),0
D:\Eclipse\CognitiveComplexity\Test Files\cartella 123\HibernateORM.java,443,Environment getJdbcCoordinator(),0
D:\Eclipse\CognitiveComplexity\Test Files\cartella 123\HibernateORM.java,453,void commit(),0
D:\Eclipse\CognitiveComplexity\Test Files\cartella 123\HibernateORM.java,457,void rollback(),0
D:\Eclipse\CognitiveComplexity\Test Files\cartella 123\HibernateORM.java,472,"int bind(PreparedStatement ps, QueryParameters queryParameters, SharedSessionContractImplementor session, int position)",0
D:\Eclipse\CognitiveComplexity\Test Files\cartella 123\HibernateORM.java,478,Transaction beginTransaction(),0
D:\Eclipse\CognitiveComplexity\Test Files\cartella 123\HibernateORM.java,481,void doWork(WorkImpl work),0
D:\Eclipse\CognitiveComplexity\Test Files\cartella 123\K9.java,11,void testFetchResponse(),0
D:\Eclipse\CognitiveComplexity\Test Files\cartella 123\K9.java,47,"Store getInstance(Context context, StoreConfig storeConfig)",9
D:\Eclipse\CognitiveComplexity\Test Files\cartella 123\K9.java,83,void open_withXoauth2Extension_shouldThrowOnMultipleFailure(),1
D:\Eclipse\CognitiveComplexity\Test Files\cartella 123\K9.java,115,T1 get(T uri),0
D:\Eclipse\CognitiveComplexity\Test Files\cartella 123\K9.java,119,"void put(T uri, T1 store)",0
D:\Eclipse\CognitiveComplexity\Test Files\cartella 123\K9.java,132,StorageManager(final Context context),4
D:\Eclipse\CognitiveComplexity\Test Files\cartella 123\K9.java,170,void testTextQuoteToHtmlBlockquote(),0
D:\Eclipse\CognitiveComplexity\Test Files\cartella 123\K9.java,211,void writeToFile(String result),0
D:\Eclipse\CognitiveComplexity\Test Files\cartella 123\K9.java,215,"SmtpTransport startServerAndCreateSmtpTransport(MockSmtpServer server, Object xoauth2, Object none)",0
D:\Eclipse\CognitiveComplexity\Test Files\cartella 123\K9.java,222,Object getSystemService(Object connectivityService),0
D:\Eclipse\CognitiveComplexity\Test Files\cartella 123\K9.java,231,"void put(Object provider, StorageProvider synchronizationAid)",0
D:\Eclipse\CognitiveComplexity\Test Files\cartella 123\K9.java,235,"void put(StorageProvider provider, SynchronizationAid synchronizationAid)",0
D:\Eclipse\CognitiveComplexity\Test Files\cartella 123\K9.java,241,String getId(),0
D:\Eclipse\CognitiveComplexity\Test Files\cartella 123\K9.java,243,boolean isSupported(Context context),0
D:\Eclipse\CognitiveComplexity\Test Files\cartella 123\K9.java,245,void init(Context context),0
D:\Eclipse\CognitiveComplexity\Test Files\cartella 123\K9.java,250,String getId(),0
D:\Eclipse\CognitiveComplexity\Test Files\cartella 123\K9.java,255,boolean isSupported(Context context),0
D:\Eclipse\CognitiveComplexity\Test Files\cartella 123\K9.java,260,void init(Context context),0
D:\Eclipse\CognitiveComplexity\Test Files\cartella 123\K9.java,268,String getId(),0
D:\Eclipse\CognitiveComplexity\Test Files\cartella 123\K9.java,273,boolean isSupported(Context context),0
D:\Eclipse\CognitiveComplexity\Test Files\cartella 123\K9.java,278,void init(Context context),0
D:\Eclipse\CognitiveComplexity\Test Files\cartella 123\K9.java,285,ImapResponse readResponse(),0
D:\Eclipse\CognitiveComplexity\Test Files\cartella 123\K9.java,291,int size(),0
D:\Eclipse\CognitiveComplexity\Test Files\cartella 123\K9.java,295,String getString(int i),0
D:\Eclipse\CognitiveComplexity\Test Files\cartella 123\K9.java,299,ImapResponse getList(int i),0
D:\Eclipse\CognitiveComplexity\Test Files\cartella 123\K9.java,303,int getNumber(int i),0
D:\Eclipse\CognitiveComplexity\Test Files\cartella 123\K9.java,308,ImapResponseParser createParser(String s),0
D:\Eclipse\CognitiveComplexity\Test Files\cartella 123\K9.java,318,String getStoreUri(),0
D:\Eclipse\CognitiveComplexity\Test Files\cartella 123\K9.java,324,MessagingException(String s),0
D:\Eclipse\CognitiveComplexity\Test Files\cartella 123\K9.java,339,DefaultTrustedSocketFactory(Context context),0
D:\Eclipse\CognitiveComplexity\Test Files\cartella 123\K9.java,344,"ImapStore(StoreConfig storeConfig, DefaultTrustedSocketFactory defaultTrustedSocketFactory, ConnectivityManager systemService, OAuth2TokenProvider oAuth2TokenProvider)",0
D:\Eclipse\CognitiveComplexity\Test Files\cartella 123\K9.java,350,"Pop3Store(StoreConfig storeConfig, DefaultTrustedSocketFactory defaultTrustedSocketFactory)",0
D:\Eclipse\CognitiveComplexity\Test Files\cartella 123\K9.java,359,"WebDavStore(StoreConfig storeConfig, WebDavHttpClientFactory webDavHttpClientFactory)",0
D:\Eclipse\CognitiveComplexity\Test Files\cartella 123\K9.java,365,void output(String s),0
D:\Eclipse\CognitiveComplexity\Test Files\cartella 123\K9.java,368,void expect(String ehlo_localhost),0
D:\Eclipse\CognitiveComplexity\Test Files\cartella 123\K9.java,372,void verifyConnectionStillOpen(),0
D:\Eclipse\CognitiveComplexity\Test Files\cartella 123\K9.java,376,void verifyInteractionCompleted(),0
D:\Eclipse\CognitiveComplexity\Test Files\cartella 123\K9.java,394,void open(),0
D:\Eclipse\CognitiveComplexity\Test Files\cartella 123\K9.java,400,String getMessage(),0
D:\Eclipse\CognitiveComplexity\Test Files\cartella 123\K9.java,406,String textToHtml(String message),0
D:\Eclipse\CognitiveComplexity\Test Files\cartella 123\K9.java,411,"void assertEquals(int i, int number)",0
D:\Eclipse\CognitiveComplexity\Test Files\cartella 123\K9.java,415,"void assertEquals(String s, String string)",0
D:\Eclipse\CognitiveComplexity\Test Files\cartella 123\K9.java,419,void fail(String exception_expected),0
D:\Eclipse\CognitiveComplexity\Test Files\cartella 123\MainClass.java,6,void method1a(),3
D:\Eclipse\CognitiveComplexity\Test Files\cartella 123\MainClass.java,20,void method1b(),4
D:\Eclipse\CognitiveComplexity\Test Files\cartella 123\MainClass.java,36,void method2a(),3
D:\Eclipse\CognitiveComplexity\Test Files\cartella 123\MainClass.java,45,void method2b(),3
D:\Eclipse\CognitiveComplexity\Test Files\cartella 123\MainClass.java,54,void method3a(MainClass o1),1
D:\Eclipse\CognitiveComplexity\Test Files\cartella 123\MainClass.java,61,void method3b(MainClass o1),1
D:\Eclipse\CognitiveComplexity\Test Files\cartella 123\MainClass.java,66,void method4a(),2
D:\Eclipse\CognitiveComplexity\Test Files\cartella 123\MainClass.java,74,void method4b(),2
D:\Eclipse\CognitiveComplexity\Test Files\cartella 123\MainClass.java,82,void method5a(),1
D:\Eclipse\CognitiveComplexity\Test Files\cartella 123\MainClass.java,90,void method5b(),1
D:\Eclipse\CognitiveComplexity\Test Files\cartella 123\MainClass.java,98,void method5c(),1
D:\Eclipse\CognitiveComplexity\Test Files\cartella 123\MainClass.java,106,void main(String[] args),0
D:\Eclipse\CognitiveComplexity\Test Files\cartella 123\project1.java,6,void main(String[] args),0
D:\Eclipse\CognitiveComplexity\Test Files\cartella 123\project1.java,9,void main01(String[] args),1
D:\Eclipse\CognitiveComplexity\Test Files\cartella 123\project1.java,20,void main07(String[] args),3
D:\Eclipse\CognitiveComplexity\Test Files\cartella 123\project1.java,31,void main08(String[] args),1
D:\Eclipse\CognitiveComplexity\Test Files\cartella 123\project1.java,43,void main09(String[] args),3
D:\Eclipse\CognitiveComplexity\Test Files\cartella 123\project1.java,56,void main10(String[] args),6
D:\Eclipse\CognitiveComplexity\Test Files\cartella 123\project1.java,69,void main11(String[] args),1
D:\Eclipse\CognitiveComplexity\Test Files\cartella 123\project1.java,81,void main13(String[] args),0
D:\Eclipse\CognitiveComplexity\Test Files\cartella 123\project1.java,92,void main14(String[] args),1
D:\Eclipse\CognitiveComplexity\Test Files\cartella 123\project1.java,100,void main17(String[] args),4
D:\Eclipse\CognitiveComplexity\Test Files\cartella 123\project1.java,117,void main20(String[] args),4
D:\Eclipse\CognitiveComplexity\Test Files\cartella 123\project1.java,131,void main21(String[] args),2
D:\Eclipse\CognitiveComplexity\Test Files\cartella 123\project1.java,144,void main22(String[] args),2
D:\Eclipse\CognitiveComplexity\Test Files\cartella 123\project1.java,156,void main02(String[] args),5
D:\Eclipse\CognitiveComplexity\Test Files\cartella 123\project1.java,174,void main06(String[] args),1
D:\Eclipse\CognitiveComplexity\Test Files\cartella 123\project1.java,183,void main12(String[] args),3
D:\Eclipse\CognitiveComplexity\Test Files\cartella 123\project1.java,196,void main23(String[] args),2
D:\Eclipse\CognitiveComplexity\Test Files\cartella 123\project1.java,204,"void main03(int number1, int number2)",5
D:\Eclipse\CognitiveComplexity\Test Files\cartella 123\project1.java,223,void main04(String[] args),7
D:\Eclipse\CognitiveComplexity\Test Files\cartella 123\project1.java,240,void main05(String[] args),5
D:\Eclipse\CognitiveComplexity\Test Files\cartella 123\project1.java,260,void main15(String[] args),9
D:\Eclipse\CognitiveComplexity\Test Files\cartella 123\project1.java,281,void main16(String[] args),0
D:\Eclipse\CognitiveComplexity\Test Files\cartella 123\project1.java,289,void main18(String[] args),7
D:\Eclipse\CognitiveComplexity\Test Files\cartella 123\project1.java,311,void main19(String[] args),3
D:\Eclipse\CognitiveComplexity\Test Files\MRUFileManager.java,63,MRUFileManager(),0
D:\Eclipse\CognitiveComplexity\Test Files\MRUFileManager.java,68,MRUFileManager(int maxSize),0
D:\Eclipse\CognitiveComplexity\Test Files\MRUFileManager.java,79,void save(),1
D:\Eclipse\CognitiveComplexity\Test Files\MRUFileManager.java,97,int size(),0
D:\Eclipse\CognitiveComplexity\Test Files\MRUFileManager.java,105,Object getFile(int index),1
D:\Eclipse\CognitiveComplexity\Test Files\MRUFileManager.java,116,InputStream getInputStream(int index),4
D:\Eclipse\CognitiveComplexity\Test Files\MRUFileManager.java,132,void set(File file),0
D:\Eclipse\CognitiveComplexity\Test Files\MRUFileManager.java,139,void set(URL url),0
D:\Eclipse\CognitiveComplexity\Test Files\MRUFileManager.java,146,String[] getMRUFileList(),5
D:\Eclipse\CognitiveComplexity\Test Files\MRUFileManager.java,172,void moveToTop(int index),0
D:\Eclipse\CognitiveComplexity\Test Files\MRUFileManager.java,182,void createConfigurationDirectory(),3
D:\Eclipse\CognitiveComplexity\Test Files\MRUFileManager.java,204,InputStream getInputStream(File file),0
D:\Eclipse\CognitiveComplexity\Test Files\MRUFileManager.java,218,InputStream getInputStream(URL url),0
D:\Eclipse\CognitiveComplexity\Test Files\MRUFileManager.java,225,void setMRU(Object o),2
D:\Eclipse\CognitiveComplexity\Test Files\MRUFileManager.java,240,void load(),10
D:\Eclipse\CognitiveComplexity\Test Files\MRUFileManager.java,267,String getFilename(),0
D:\Eclipse\CognitiveComplexity\Test Files\MRUFileManager.java,277,void setMaxSize(int maxSize),3
D:\Eclipse\CognitiveComplexity\Test Files\test\Nuova cartella\Appendix_C.java,5,MethodJavaSymbol overriddenSymbolFrom(ClassJavaType classType),19
D:\Eclipse\CognitiveComplexity\Test Files\test\Nuova cartella\Appendix_C.java,35,"void addVersion(final Entry entry, final Transaction txn)",35
D:\Eclipse\CognitiveComplexity\Test Files\test\Nuova cartella\Appendix_C.java,82,"String toRegexp(String antPattern, String directorySeparator)",20
D:\Eclipse\CognitiveComplexity\Test Files\test\project3.java,201,project3(Class<?> klass),0
D:\Eclipse\CognitiveComplexity\Test Files\test\project3.java,205,project3(String message),0
D:\Eclipse\CognitiveComplexity\Test Files\test\project3.java,210,Object s1(),3
D:\Eclipse\CognitiveComplexity\Test Files\test\project3.java,226,Object s2(),5
D:\Eclipse\CognitiveComplexity\Test Files\test\project3.java,242,String compactString(String source),2
D:\Eclipse\CognitiveComplexity\Test Files\test\project3.java,259,"void Grantee(String name, Grantee inGrantee, GranteeManager man)",0
D:\Eclipse\CognitiveComplexity\Test Files\test\project3.java,271,void quit(),1
D:\Eclipse\CognitiveComplexity\Test Files\test\project3.java,280,boolean s6(),3
D:\Eclipse\CognitiveComplexity\Test Files\test\project3.java,296,void Date(int daysSince1970),0
D:\Eclipse\CognitiveComplexity\Test Files\test\project3.java,304,"void TestMethodRunner(Object test, Method method, RunNotifier notifier, Description description)",0
D:\Eclipse\CognitiveComplexity\Test Files\test\project3.java,314,Vector getDatabaseURIs(),1
D:\Eclipse\CognitiveComplexity\Test Files\test\project3.java,326,void moveUnit(KeyEvent e),2
D:\Eclipse\CognitiveComplexity\Test Files\test\project3.java,342,Object s11(),1
D:\Eclipse\CognitiveComplexity\Test Files\test\project3.java,352,void s12(),0
D:\Eclipse\CognitiveComplexity\Test Files\test\project3.java,365,"void assertEquals(String message, Object expected, Object actual)",8
D:\Eclipse\CognitiveComplexity\Test Files\test\project3.java,376,Object removeName(String name),1
D:\Eclipse\CognitiveComplexity\Test Files\test\project3.java,390,void s15(),0
D:\Eclipse\CognitiveComplexity\Test Files\test\project3.java,398,void s16(),1
D:\Eclipse\CognitiveComplexity\Test Files\test\project3.java,406,void s17(),1
D:\Eclipse\CognitiveComplexity\Test Files\test\project3.java,420,Result runMain(String... args),0
D:\Eclipse\CognitiveComplexity\Test Files\test\project3.java,431,"void Constraint(HsqlName name, int[] mainCols, Table refTable, int[] refCols, int type, int deleteAction, int updateAction)",0
D:\Eclipse\CognitiveComplexity\Test Files\test\project3.java,440,void s20(),1
D:\Eclipse\CognitiveComplexity\Test Files\test\project3.java,448,void s21(),2
D:\Eclipse\CognitiveComplexity\Test Files\test\project3.java,463,JPanel createSettingsPanel(),0
D:\Eclipse\CognitiveComplexity\Test Files\test\project3.java,471,void printFailures(Result result),3
D:\Eclipse\CognitiveComplexity\Test Files\test\project3.java,481,long getNormalisedTime(long t),0
D:\Eclipse\CognitiveComplexity\Test Files\test\project3.java,492,"boolean check(Unit u, PathNode p)",2
D:\Eclipse\CognitiveComplexity\Test Files\test\project3.java,503,void s26(),2
D:\Eclipse\CognitiveComplexity\Test Files\test\project3.java,517,Point comuteDisplayPointCentre(Dimension dim),0
D:\Eclipse\CognitiveComplexity\Test Files\test\project3.java,525,void filter(Filter filter),4
D:\Eclipse\CognitiveComplexity\Test Files\test\project3.java,536,void s29(),0
D:\Eclipse\CognitiveComplexity\Test Files\test\project3.java,549,void setMapTransform(MapTransform mt),1
D:\Eclipse\CognitiveComplexity\Test Files\test\project3.java,558,String s31(),2
D:\Eclipse\CognitiveComplexity\Test Files\test\project3.java,570,String createEnumeration(char[] toCharArray),0
D:\Eclipse\CognitiveComplexity\Test Files\test\project3.java,578,void Date(),0
D:\Eclipse\CognitiveComplexity\Test Files\test\project3.java,591,"void ComparisonCompactor(int contextLength, String expected, String actual)",0
D:\Eclipse\CognitiveComplexity\Test Files\test\project3.java,598,Object s34(),1
D:\Eclipse\CognitiveComplexity\Test Files\test\project3.java,620,DisbandUnitAction(FreeColClient freeColClient),0
D:\Eclipse\CognitiveComplexity\Test Files\test\project3.java,630,Object s36(),1
D:\Eclipse\CognitiveComplexity\Test Files\test\project3.java,641,Object s37(),5
D:\Eclipse\CognitiveComplexity\Test Files\test\project3.java,664,void s39(),1
D:\Eclipse\CognitiveComplexity\Test Files\test\project3.java,679,Element deliverGift(Element element),0
D:\Eclipse\CognitiveComplexity\Test Files\test\project3.java,688,void s41(),3
D:\Eclipse\CognitiveComplexity\Test Files\test\project3.java,699,void removeProgram(Program program),3
D:\Eclipse\CognitiveComplexity\Test Files\test\project3.java,711,"TestClassRunnerForParameters(Class<?> klass, Object[] parameters, int i)",0
D:\Eclipse\CognitiveComplexity\Test Files\test\project3.java,719,void link(IndexRowIterator other),0
D:\Eclipse\CognitiveComplexity\Test Files\test\project3.java,727,void s45(),0
D:\Eclipse\CognitiveComplexity\Test Files\test\project3.java,740,This getGlobal(Interpreter declaringInterpreter),2
D:\Eclipse\CognitiveComplexity\Test Files\test\project3.java,755,void readData(ObjectInputStream stream),0
D:\Eclipse\CognitiveComplexity\Test Files\test\project3.java,769,"ComparisonFailure(String message, String expected, String actual)",0
D:\Eclipse\CognitiveComplexity\Test Files\test\project3.java,777,void close(),1
D:\Eclipse\CognitiveComplexity\Test Files\test\project3.java,794,void actionPerformed(ActionEvent evt),2
D:\Eclipse\CognitiveComplexity\Test Files\test\project3.java,806,String getBaseName(String className),1
D:\Eclipse\CognitiveComplexity\Test Files\test\project3.java,816,void s52(),0
D:\Eclipse\CognitiveComplexity\Test Files\test\project3.java,826,void s53(),1
D:\Eclipse\CognitiveComplexity\Test Files\test\project3.java,840,void s54(),0
D:\Eclipse\CognitiveComplexity\Test Files\test\project3.java,850,void s55(),3
D:\Eclipse\CognitiveComplexity\Test Files\test\project3.java,868,NameSpace swap(NameSpace newTop),0
D:\Eclipse\CognitiveComplexity\Test Files\test\project3.java,875,void s57(),0
D:\Eclipse\CognitiveComplexity\Test Files\test\project3.java,883,Object s58(),0
D:\Eclipse\CognitiveComplexity\Test Files\test\project3.java,891,boolean isReadOnly(),0
D:\Eclipse\CognitiveComplexity\Test Files\test\project3.java,901,Object s60(),0
D:\Eclipse\CognitiveComplexity\Test Files\test\project3.java,908,void s61(),3
D:\Eclipse\CognitiveComplexity\Test Files\test\project3.java,920,void s62(),1
D:\Eclipse\CognitiveComplexity\Test Files\test\project3.java,931,Description getDescription(),1
D:\Eclipse\CognitiveComplexity\Test Files\test\project3.java,941,void s64(),1
D:\Eclipse\CognitiveComplexity\Test Files\test\project3.java,950,void s65(),1
D:\Eclipse\CognitiveComplexity\Test Files\test\project3.java,959,void s66(),0
D:\Eclipse\CognitiveComplexity\Test Files\test\project3.java,974,CharSequence addZero(int number),1
D:\Eclipse\CognitiveComplexity\Test Files\test\project3.java,987,void run(RunNotifier notifier),0
D:\Eclipse\CognitiveComplexity\Test Files\test\project3.java,995,void s69(),0
D:\Eclipse\CognitiveComplexity\Test Files\test\project3.java,1005,void mousePressed(MouseEvent e),2
D:\Eclipse\CognitiveComplexity\Test Files\test\project3.java,1017,int getASMModifiers(Modifiers modifiers),2
D:\Eclipse\CognitiveComplexity\Test Files\test\project3.java,1030,Component(String message),0
D:\Eclipse\CognitiveComplexity\Test Files\test\project3.java,1034,"Component getListCellRendererComponent(JList list, Object value, int index, boolean isSelected, boolean cellHasFocus)",1
D:\Eclipse\CognitiveComplexity\Test Files\test\project3.java,1049,String compact(String message),2
D:\Eclipse\CognitiveComplexity\Test Files\test\project3.java,1060,void s74(),1
D:\Eclipse\CognitiveComplexity\Test Files\test\project3.java,1077,"void loadColorChip(GraphicsConfiguration gc, Color c)",1
D:\Eclipse\CognitiveComplexity\Test Files\test\project3.java,1086,void s76(),0
D:\Eclipse\CognitiveComplexity\Test Files\test\project3.java,1094,void s77(),0
D:\Eclipse\CognitiveComplexity\Test Files\test\project3.java,1112,int s79(),3
D:\Eclipse\CognitiveComplexity\Test Files\test\project3.java,1129,void returnToTitle(),0
D:\Eclipse\CognitiveComplexity\Test Files\test\project3.java,1143,void importPackage(String name),2
D:\Eclipse\CognitiveComplexity\Test Files\test\project3.java,1156,boolean s82(),1
D:\Eclipse\CognitiveComplexity\Test Files\test\project3.java,1167,String getCountry(),0
D:\Eclipse\CognitiveComplexity\Test Files\test\project3.java,1172,void filter2(Filter filter),4
D:\Eclipse\CognitiveComplexity\Test Files\test\project3.java,1183,void s84(),0
D:\Eclipse\CognitiveComplexity\Test Files\test\project3.java,1198,void addMessage(GUIMessage message),1
D:\Eclipse\CognitiveComplexity\Test Files\test\project3.java,1208,"boolean jjCanMove_1(int hiByte, int i1, int i2, long l1, long l2)",3
D:\Eclipse\CognitiveComplexity\Test Files\test\project3.java,1221,Date correctTimeZone(final Date date),3
D:\Eclipse\CognitiveComplexity\Test Files\test\project3.java,1232,String getMessage(),1
D:\Eclipse\CognitiveComplexity\Test Files\test\project3.java,1241,String getStateString(),1
D:\Eclipse\CognitiveComplexity\Test Files\test\project3.java,1257,"boolean displayTileCursor(Tile tile, int canvasX, int canvasY)",6
D:\Eclipse\CognitiveComplexity\Test Files\test\project3.java,1272,"int jjMoveStringLiteralDfa18_0(long old1, long active1, long old2, long active2)",2
D:\Eclipse\CognitiveComplexity\Test Files\test\project3.java,1289,ElgatoChannel[] getAvailableChannels(),0
D:\Eclipse\CognitiveComplexity\Test Files\test\project3.java,1317,void s94(),1
D:\Eclipse\CognitiveComplexity\Test Files\test\project3.java,1328,void s95(),0
D:\Eclipse\CognitiveComplexity\Test Files\test\project3.java,1341,void actionPerformed2(ActionEvent e),0
D:\Eclipse\CognitiveComplexity\Test Files\test\project3.java,1349,ActionMenu getButtonAction(),0
D:\Eclipse\CognitiveComplexity\Test Files\test\project3.java,1362,void s98(),1
D:\Eclipse\CognitiveComplexity\Test Files\test\project3.java,1370,Object s99(),2
D:\Eclipse\CognitiveComplexity\Test Files\test\project3.java,1385,void purgeOldMessagesFromMessagesToIgnore(int thisTurn),6
D:\Eclipse\CognitiveComplexity\Test Files\test\project3.java,1397,long getTimeInMillis(Object tempCalDefault),0
D:\Eclipse\CognitiveComplexity\Test Files\test\project3.java,1401,void resetToTime(Object tempCalDefault),0
D:\Eclipse\CognitiveComplexity\Test Files\test\project3.java,1405,"void setTimeInMillis(Object tempCalDefault, long t)",0
D:\Eclipse\CognitiveComplexity\Test Files\test\project3.java,1409,PrintWriter getWriter(),0
D:\Eclipse\CognitiveComplexity\Test Files\test\project3.java,1413,boolean isPrimitive(Object returnType),0
D:\Eclipse\CognitiveComplexity\Test Files\test\project3.java,1417,void fireActionEvent(ActionEvent blinkEvent),0
D:\Eclipse\CognitiveComplexity\Test Files\test\project3.java,1421,void setStrictJava(Object strictJava),0
D:\Eclipse\CognitiveComplexity\Test Files\test\project3.java,1429,"boolean isEquals(Object expected, Object actual)",0
D:\Eclipse\CognitiveComplexity\Test Files\test\project3.java,1434,void add(Object cancel),0
D:\Eclipse\CognitiveComplexity\Test Files\test\project3.java,1437,"void add(BtPanel btPanel, String borderLayout)",0
D:\Eclipse\CognitiveComplexity\Test Files\test\project3.java,1441,"void add(TimeDateChooserPanel timeDateChooserPanel, String s)",0
D:\Eclipse\CognitiveComplexity\Test Files\test\project3.java,1445,boolean isEmpty(),0
D:\Eclipse\CognitiveComplexity\Test Files\test\project3.java,1449,int size(),0
D:\Eclipse\CognitiveComplexity\Test Files\test\project3.java,1453,Object toArray(ProgramReceiveTarget[] programReceiveTargets),0
D:\Eclipse\CognitiveComplexity\Test Files\test\project3.java,1460,void setDefaultButton(Object ok),0
D:\Eclipse\CognitiveComplexity\Test Files\test\project3.java,1465,RootPane getRootPane(),0
D:\Eclipse\CognitiveComplexity\Test Files\test\project3.java,1471,void moveActiveUnit(Object sw),0
D:\Eclipse\CognitiveComplexity\Test Files\test\project3.java,1477,boolean isMapboardActionsEnabled(),0
D:\Eclipse\CognitiveComplexity\Test Files\test\project3.java,1481,Object getStrictJava(),0
D:\Eclipse\CognitiveComplexity\Test Files\test\project3.java,1485,This getGlobal(Interpreter declaringInterpreter),0
D:\Eclipse\CognitiveComplexity\Test Files\test\project3.java,1490,"void super1(Class<?> aClass, Class<Before> beforeClass, Class<After> afterClass, Object test)",0
D:\Eclipse\CognitiveComplexity\Test Files\test\project3.java,1494,boolean jj_scan_token(int i),0
D:\Eclipse\CognitiveComplexity\Test Files\test\project3.java,1498,ConnectController getConnectController(),0
D:\Eclipse\CognitiveComplexity\Test Files\test\project3.java,1502,String computeCommonSuffix(),0
D:\Eclipse\CognitiveComplexity\Test Files\test\project3.java,1506,String computeCommonPrefix(),0
D:\Eclipse\CognitiveComplexity\Test Files\test\project3.java,1515,AbstractButton[] getSubItems(),0
D:\Eclipse\CognitiveComplexity\Test Files\test\project3.java,1531,void quitGame(boolean b),0
D:\Eclipse\CognitiveComplexity\Test Files\test\project3.java,1543,Object getModifiers(),0
D:\Eclipse\CognitiveComplexity\Test Files\test\project3.java,1547,Annotation[] getAnnotations(),0
D:\Eclipse\CognitiveComplexity\Test Files\test\project3.java,1556,Description createSuiteDescription(Object name),0
D:\Eclipse\CognitiveComplexity\Test Files\test\project3.java,1560,void addChild(Object methodDescription),0
D:\Eclipse\CognitiveComplexity\Test Files\test\project3.java,1572,BshClassManager createClassManager(project3 tasks),0
D:\Eclipse\CognitiveComplexity\Test Files\test\project3.java,1584,Object readObject(),0
D:\Eclipse\CognitiveComplexity\Test Files\test\project3.java,1588,String readInt(),0
D:\Eclipse\CognitiveComplexity\Test Files\test\project3.java,1594,String id(),0
D:\Eclipse\CognitiveComplexity\Test Files\test\project3.java,1616,"ActionEvent(project3 tasks, int eventId, String blink)",0
D:\Eclipse\CognitiveComplexity\Test Files\test\project3.java,1621,"CapturePluginPanel(Object mOwner, Object mCloneData)",0
D:\Eclipse\CognitiveComplexity\Test Files\test\project3.java,1624,void setBorder(Object emptyBorder),0
D:\Eclipse\CognitiveComplexity\Test Files\test\project3.java,1628,void setSelectedTab(Object mCurrentPanel),0
D:\Eclipse\CognitiveComplexity\Test Files\test\project3.java,1634,"Object createEmptyBorder(Object dluy5, Object dlux5, Object dluy51, Object dlux51)",0
D:\Eclipse\CognitiveComplexity\Test Files\test\project3.java,1640,int getFailureCount(),0
D:\Eclipse\CognitiveComplexity\Test Files\test\project3.java,1644,void setResultType(int sqldisconnect),0
D:\Eclipse\CognitiveComplexity\Test Files\test\project3.java,1650,Tile getTile(),0
D:\Eclipse\CognitiveComplexity\Test Files\test\project3.java,1654,int getTurns(),0
D:\Eclipse\CognitiveComplexity\Test Files\test\project3.java,1660,Object getXMLElementTagName(),0
D:\Eclipse\CognitiveComplexity\Test Files\test\project3.java,1664,Object getFreeColGameObject(Object id),0
D:\Eclipse\CognitiveComplexity\Test Files\test\project3.java,1668,void readFromXMLElement(Element unitElement),0
D:\Eclipse\CognitiveComplexity\Test Files\test\project3.java,1672,BtPanel createHelpTextArea(Object msg),0
D:\Eclipse\CognitiveComplexity\Test Files\test\project3.java,1678,Settlement getSettlement(),0
D:\Eclipse\CognitiveComplexity\Test Files\test\project3.java,1682,int getY(),0
D:\Eclipse\CognitiveComplexity\Test Files\test\project3.java,1686,int getX(),0
D:\Eclipse\CognitiveComplexity\Test Files\test\project3.java,1692,Object getOwner(),0
D:\Eclipse\CognitiveComplexity\Test Files\test\project3.java,1698,"ChoiceItem(String s, Settlement s1)",0
D:\Eclipse\CognitiveComplexity\Test Files\test\project3.java,1706,boolean shouldRun(Object description),0
D:\Eclipse\CognitiveComplexity\Test Files\test\project3.java,1710,void apply(Runner runner),0
D:\Eclipse\CognitiveComplexity\Test Files\test\project3.java,1716,Object getDescription(),0
D:\Eclipse\CognitiveComplexity\Test Files\test\project3.java,1725,FreeColClient getActionManager(),0
D:\Eclipse\CognitiveComplexity\Test Files\test\project3.java,1729,Object getFreeColAction(Object id),0
D:\Eclipse\CognitiveComplexity\Test Files\test\project3.java,1733,FreeColClient getImageLibrary(),0
D:\Eclipse\CognitiveComplexity\Test Files\test\project3.java,1737,"Object getUnitButtonImageIcon(int unitButtonDisband, int i)",0
D:\Eclipse\CognitiveComplexity\Test Files\test\project3.java,1741,FreeColClient getCanvas(),0
D:\Eclipse\CognitiveComplexity\Test Files\test\project3.java,1745,"void repaint(int i, int i1, Object width, Object height)",0
D:\Eclipse\CognitiveComplexity\Test Files\test\project3.java,1749,InGameInputHandler getInGameInputHandler(),0
D:\Eclipse\CognitiveComplexity\Test Files\test\project3.java,1753,AbstractTranslet getClient(),0
D:\Eclipse\CognitiveComplexity\Test Files\test\project3.java,1757,Game getGame(),0
D:\Eclipse\CognitiveComplexity\Test Files\test\project3.java,1766,void setMessageHandler(InGameInputHandler inGameInputHandler),0
D:\Eclipse\CognitiveComplexity\Test Files\test\project3.java,1779,Object executeCallStatement(Object cs),0
D:\Eclipse\CognitiveComplexity\Test Files\test\project3.java,1783,Object executeDDLStatement(Object cs),0
D:\Eclipse\CognitiveComplexity\Test Files\test\project3.java,1787,Object executeDeleteStatement(Object cs),0
D:\Eclipse\CognitiveComplexity\Test Files\test\project3.java,1795,"void putValue(Object buttonImage, Object unitButtonImageIcon)",0
D:\Eclipse\CognitiveComplexity\Test Files\test\project3.java,1799,"project3(FreeColClient freeColClient, String s, Object o, KeyStroke d)",0
D:\Eclipse\CognitiveComplexity\Test Files\test\project3.java,1804,"Field resolveJavaField(Class clas, Object name, boolean b)",0
D:\Eclipse\CognitiveComplexity\Test Files\test\project3.java,1810,Object getType(),0
D:\Eclipse\CognitiveComplexity\Test Files\test\project3.java,1816,"LHS(Object object, Field field)",0
D:\Eclipse\CognitiveComplexity\Test Files\test\project3.java,1822,"Variable(Object name, Object type, LHS lhs)",0
D:\Eclipse\CognitiveComplexity\Test Files\test\project3.java,1827,boolean isValid(),0
D:\Eclipse\CognitiveComplexity\Test Files\test\project3.java,1831,Object getId(),0
D:\Eclipse\CognitiveComplexity\Test Files\test\project3.java,1835,Object getName(),0
D:\Eclipse\CognitiveComplexity\Test Files\test\project3.java,1841,"ProgramReceiveTarget(project3 tasks, Object name, Object id)",0
D:\Eclipse\CognitiveComplexity\Test Files\test\project3.java,1846,Object getName(),0
D:\Eclipse\CognitiveComplexity\Test Files\test\project3.java,1850,Object getId(),0
D:\Eclipse\CognitiveComplexity\Test Files\test\project3.java,1856,Boolean getCatalogName(Boolean aBoolean),0
D:\Eclipse\CognitiveComplexity\Test Files\test\project3.java,1860,void insertSys(Boolean[] row),0
D:\Eclipse\CognitiveComplexity\Test Files\test\project3.java,1864,Object getSchemaName(String clsName),0
D:\Eclipse\CognitiveComplexity\Test Files\test\project3.java,1868,Boolean getCatalogName(String clsName),0
D:\Eclipse\CognitiveComplexity\Test Files\test\project3.java,1872,"void checkColumnsMatch(Object mainColArray, Object refTable, Object refColArray)",0
D:\Eclipse\CognitiveComplexity\Test Files\test\project3.java,1878,Object getAttribute(String id),0
D:\Eclipse\CognitiveComplexity\Test Files\test\project3.java,1884,"Element getChildElement(Element element, Object xmlElementTagName)",0
D:\Eclipse\CognitiveComplexity\Test Files\test\project3.java,1888,String getMessageID(),0
D:\Eclipse\CognitiveComplexity\Test Files\test\project3.java,1893,Unit getGame(),0
D:\Eclipse\CognitiveComplexity\Test Files\test\project3.java,1898,Ns jj_consume_token(int eq),0
D:\Eclipse\CognitiveComplexity\Test Files\test\project3.java,1902,int jj_ntk(),0
D:\Eclipse\CognitiveComplexity\Test Files\test\project3.java,1907,void unmark(Object mMarker),0
D:\Eclipse\CognitiveComplexity\Test Files\test\project3.java,1915,"PluginTreeNode findProgramTreeNode(Program program, boolean b)",0
D:\Eclipse\CognitiveComplexity\Test Files\test\project3.java,1929,String message(String height),0
D:\Eclipse\CognitiveComplexity\Test Files\test\project3.java,1940,This getThis(Interpreter declaringInterpreter),0
D:\Eclipse\CognitiveComplexity\Test Files\test\project3.java,1945,int readInt(),0
D:\Eclipse\CognitiveComplexity\Test Files\test\project3.java,1949,Object readUTF(),0
D:\Eclipse\CognitiveComplexity\Test Files\test\project3.java,1959,void setOpaque(boolean b),0
D:\Eclipse\CognitiveComplexity\Test Files\test\project3.java,1963,void stopBlinking(),0
D:\Eclipse\CognitiveComplexity\Test Files\test\project3.java,1967,boolean hasFocus(),0
D:\Eclipse\CognitiveComplexity\Test Files\test\project3.java,1972,"String xy(int i, int i1)",0
D:\Eclipse\CognitiveComplexity\Test Files\test\project3.java,1976,"Object msg(String help, String no_endtime_defined)",0
D:\Eclipse\CognitiveComplexity\Test Files\test\project3.java,1982,TimeDateChooserPanel(Object date),0
D:\Eclipse\CognitiveComplexity\Test Files\test\project3.java,1987,SuiteMethod getMethod(String suite),0
D:\Eclipse\CognitiveComplexity\Test Files\test\project3.java,1991,String getName(),0
D:\Eclipse\CognitiveComplexity\Test Files\test\project3.java,1997,Object getModifiers(),0
D:\Eclipse\CognitiveComplexity\Test Files\test\project3.java,2001,Object invoke(Object o),0
D:\Eclipse\CognitiveComplexity\Test Files\test\project3.java,2007,boolean isStatic(Object modifiers),0
D:\Eclipse\CognitiveComplexity\Test Files\test\project3.java,2019,"void addColumn(Ns t, String procedure_name, int varchar, boolean b)",0
D:\Eclipse\CognitiveComplexity\Test Files\test\project3.java,2023,"void addColumn(Ns t, String procedure_cat, int varchar)",0
D:\Eclipse\CognitiveComplexity\Test Files\test\project3.java,2028,Object get(Object color),0
D:\Eclipse\CognitiveComplexity\Test Files\test\project3.java,2033,"void loadMissionChip(GraphicsConfiguration gc, Object color, boolean expertMission)",0
D:\Eclipse\CognitiveComplexity\Test Files\test\project3.java,2041,DriverFactory getInstance(),0
D:\Eclipse\CognitiveComplexity\Test Files\test\project3.java,2045,"DeviceIf createDevice(String classname, String devname)",0
D:\Eclipse\CognitiveComplexity\Test Files\test\project3.java,2051,InitializationError(String format),0
D:\Eclipse\CognitiveComplexity\Test Files\test\project3.java,2056,"Request errorReport(Object fTestClass, InitializationError error)",0
D:\Eclipse\CognitiveComplexity\Test Files\test\project3.java,2060,Object getRunner(),0
D:\Eclipse\CognitiveComplexity\Test Files\test\project3.java,2069,Object getAttribute(int infoConnectionReadonly),0
D:\Eclipse\CognitiveComplexity\Test Files\test\project3.java,2074,boolean getResponseBoolean(),0
D:\Eclipse\CognitiveComplexity\Test Files\test\project3.java,2079,void remove(WareHouse warehouseDialog),0
D:\Eclipse\CognitiveComplexity\Test Files\test\project3.java,2084,void visitInsn(Object opcode),0
D:\Eclipse\CognitiveComplexity\Test Files\test\project3.java,2089,Object methodDescription(Method method),0
D:\Eclipse\CognitiveComplexity\Test Files\test\project3.java,2093,Object getName(),0
D:\Eclipse\CognitiveComplexity\Test Files\test\project3.java,2100,"void changeSelection(Boolean[] row, int i, boolean b, boolean b1)",0
D:\Eclipse\CognitiveComplexity\Test Files\test\project3.java,2104,"Object getValueAt(Boolean[] row, int i)",0
D:\Eclipse\CognitiveComplexity\Test Files\test\project3.java,2108,ProgramTable getPluginManager(),0
D:\Eclipse\CognitiveComplexity\Test Files\test\project3.java,2112,"JPopupMenu createPluginContextMenu(Program p, Object instance)",0
D:\Eclipse\CognitiveComplexity\Test Files\test\project3.java,2118,Object getInstance(),0
D:\Eclipse\CognitiveComplexity\Test Files\test\project3.java,2124,void addListener(Object adaptingListener),0
D:\Eclipse\CognitiveComplexity\Test Files\test\project3.java,2130,void run(TestResult result),0
D:\Eclipse\CognitiveComplexity\Test Files\test\project3.java,2135,Object createAdaptingListener(RunNotifier notifier),0
D:\Eclipse\CognitiveComplexity\Test Files\test\project3.java,2147,"TableWorks(Connection session, Ns t)",0
D:\Eclipse\CognitiveComplexity\Test Files\test\project3.java,2152,int getY(),0
D:\Eclipse\CognitiveComplexity\Test Files\test\project3.java,2156,int getX(),0
D:\Eclipse\CognitiveComplexity\Test Files\test\project3.java,2160,Object getSource(),0
D:\Eclipse\CognitiveComplexity\Test Files\test\project3.java,2166,boolean hasModifier(String aPublic),0
D:\Eclipse\CognitiveComplexity\Test Files\test\project3.java,2171,"Object getListCellRendererComponent(JList list, Object value, int index, boolean isSelected, boolean cellHasFocus)",0
D:\Eclipse\CognitiveComplexity\Test Files\test\project3.java,2176,"String format(String message, String fExpected, String fActual)",0
D:\Eclipse\CognitiveComplexity\Test Files\test\project3.java,2181,void findCommonSuffix(),0
D:\Eclipse\CognitiveComplexity\Test Files\test\project3.java,2185,void findCommonPrefix(),0
D:\Eclipse\CognitiveComplexity\Test Files\test\project3.java,2189,boolean areStringsEqual(),0
D:\Eclipse\CognitiveComplexity\Test Files\test\project3.java,2195,"Point convertPoint(Component source, int x, int y, Object o)",0
D:\Eclipse\CognitiveComplexity\Test Files\test\project3.java,2200,"Object iterateRoutineMethods(String className, Object andAliases)",0
D:\Eclipse\CognitiveComplexity\Test Files\test\project3.java,2205,Object getDriver(),0
D:\Eclipse\CognitiveComplexity\Test Files\test\project3.java,2209,Object getName(),0
D:\Eclipse\CognitiveComplexity\Test Files\test\project3.java,2213,void writeData(ObjectOutput out),0
D:\Eclipse\CognitiveComplexity\Test Files\test\project3.java,2219,Plugin getPluginManager(),0
D:\Eclipse\CognitiveComplexity\Test Files\test\project3.java,2223,Plugin getTvBrowserSettings(),0
D:\Eclipse\CognitiveComplexity\Test Files\test\project3.java,2227,File getTvBrowserUserHome(),0
D:\Eclipse\CognitiveComplexity\Test Files\test\project3.java,2235,void commit(),0
D:\Eclipse\CognitiveComplexity\Test Files\test\project3.java,2241,"int compare(Object collation, int i, int i1, int coltype)",0
D:\Eclipse\CognitiveComplexity\Test Files\test\project3.java,2247,void showMainPanel(),0
D:\Eclipse\CognitiveComplexity\Test Files\test\project3.java,2251,void removeInGameComponents(),0
D:\Eclipse\CognitiveComplexity\Test Files\test\project3.java,2255,void closeMenus(),0
D:\Eclipse\CognitiveComplexity\Test Files\test\project3.java,2263,void remove(int i),0
D:\Eclipse\CognitiveComplexity\Test Files\test\project3.java,2267,void add(GUIMessage message),0
D:\Eclipse\CognitiveComplexity\Test Files\test\project3.java,2272,Object getWidth(),0
D:\Eclipse\CognitiveComplexity\Test Files\test\project3.java,2276,Object getHeight(),0
D:\Eclipse\CognitiveComplexity\Test Files\test\project3.java,2280,Object getMessageCount(),0
D:\Eclipse\CognitiveComplexity\Test Files\test\project3.java,2284,int getState(),0
D:\Eclipse\CognitiveComplexity\Test Files\test\project3.java,2293,Position getSelectedTile(),0
D:\Eclipse\CognitiveComplexity\Test Files\test\project3.java,2297,TerrainCursor getCursor(),0
D:\Eclipse\CognitiveComplexity\Test Files\test\project3.java,2301,void setInGame(boolean b),0
D:\Eclipse\CognitiveComplexity\Test Files\test\project3.java,2307,int getY(),0
D:\Eclipse\CognitiveComplexity\Test Files\test\project3.java,2311,int getX(),0
D:\Eclipse\CognitiveComplexity\Test Files\test\project3.java,2319,"void jjStopStringLiteralDfa_0(int i, long l, long active1, long active2)",0
D:\Eclipse\CognitiveComplexity\Test Files\test\project3.java,2323,"int jjStartNfa_0(int i, long l, long old1, long old2)",0
D:\Eclipse\CognitiveComplexity\Test Files\test\project3.java,2331,String executeScript(Object channellist),0
D:\Eclipse\CognitiveComplexity\Test Files\test\project3.java,2337,Method[] getMethods(),0
D:\Eclipse\CognitiveComplexity\Test Files\test\project3.java,2343,Parameters annotationType(),0
D:\Eclipse\CognitiveComplexity\Test Files\test\project3.java,2352,Node getRight(),0
D:\Eclipse\CognitiveComplexity\Test Files\test\project3.java,2356,Node getLeft(),0
D:\Eclipse\CognitiveComplexity\Test Files\test\project3.java,2365,Map getMap(),0
D:\Eclipse\CognitiveComplexity\Test Files\test\project3.java,2370,Parameters showParametersDialog(),0
D:\Eclipse\CognitiveComplexity\Test Files\test\project3.java,2376,"void putValue(String name, Object msg)",0
D:\Eclipse\CognitiveComplexity\Test Files\test\project3.java,2381,"Object createImageIcon(String mimetypes, String s, int i)",0
D:\Eclipse\CognitiveComplexity\Test Files\test\project3.java,2385,void showDialog(),0
D:\Eclipse\CognitiveComplexity\Test Files\test\project3.java,2390,int testCount(),0
D:\Eclipse\CognitiveComplexity\Test Files\test\project3.java,2394,Object testAt(int i),0
D:\Eclipse\CognitiveComplexity\Test Files\test\project3.java,2399,Object makeDescription(Object testAt),0
D:\Eclipse\CognitiveComplexity\Test Files\test\project9.java,33,"void logAndEmailSeriousProblemS111(Throwable ex, HttpServletRequest aRequest)",0
D:\Eclipse\CognitiveComplexity\Test Files\test\project9.java,54,"void logAndEmailSeriousProblemS112(Throwable ex, HttpServletRequest aRequest)",0
D:\Eclipse\CognitiveComplexity\Test Files\test\project9.java,74,"void logAndEmailSeriousProblemS113(Throwable ex, HttpServletRequest aRequest)",0
D:\Eclipse\CognitiveComplexity\Test Files\test\project9.java,91,"void logAndEmailSeriousProblemS121(Throwable ex, HttpServletRequest aRequest)",0
D:\Eclipse\CognitiveComplexity\Test Files\test\project9.java,113,"void logAndEmailSeriousProblemS122(Throwable ex, HttpServletRequest aRequest)",0
D:\Eclipse\CognitiveComplexity\Test Files\test\project9.java,135,"void logAndEmailSeriousProblemS123(Throwable ex, HttpServletRequest aRequest)",0
D:\Eclipse\CognitiveComplexity\Test Files\test\project9.java,158,"void apply211(Project project, NotificationStore nStore)",16
D:\Eclipse\CognitiveComplexity\Test Files\test\project9.java,204,"void apply212(Project project, NotificationStore nStore)",16
D:\Eclipse\CognitiveComplexity\Test Files\test\project9.java,249,"void apply213(Project project, NotificationStore nStore)",16
D:\Eclipse\CognitiveComplexity\Test Files\test\project9.java,285,"void apply(Project project, NotificationStore nStore)",16
D:\Eclipse\CognitiveComplexity\Test Files\test\project9.java,331,"void apply222(Project project, NotificationStore nStore)",16
D:\Eclipse\CognitiveComplexity\Test Files\test\project9.java,376,"void apply223(Project project, NotificationStore nStore)",16
D:\Eclipse\CognitiveComplexity\Test Files\test\project9.java,416,Table copyUTable311(UTable uTable),16
D:\Eclipse\CognitiveComplexity\Test Files\test\project9.java,457,Table copyUTable312(UTable uTable),16
D:\Eclipse\CognitiveComplexity\Test Files\test\project9.java,499,Table copyUTable313(UTable uTable),16
D:\Eclipse\CognitiveComplexity\Test Files\test\project9.java,534,Table writeUTable321(UTable uTable),16
D:\Eclipse\CognitiveComplexity\Test Files\test\project9.java,579,Table writeUTable(UTable uTable),16
D:\Eclipse\CognitiveComplexity\Test Files\test\project9.java,625,Table writeUTable323(UTable uTable),16
D:\Eclipse\CognitiveComplexity\Test Files\test\project9.java,670,"boolean getMove411(StringBuilder builder, Move move)",4
D:\Eclipse\CognitiveComplexity\Test Files\test\project9.java,701,"boolean getMove412(StringBuilder builder, Move move)",4
D:\Eclipse\CognitiveComplexity\Test Files\test\project9.java,732,"boolean getMove413(StringBuilder builder, Move move)",4
D:\Eclipse\CognitiveComplexity\Test Files\test\project9.java,758,"boolean getMove421(StringBuilder builder, Move move)",4
D:\Eclipse\CognitiveComplexity\Test Files\test\project9.java,796,"boolean getMove422(StringBuilder builder, Move move)",4
D:\Eclipse\CognitiveComplexity\Test Files\test\project9.java,834,"boolean getMove(StringBuilder builder, Move move)",4
D:\Eclipse\CognitiveComplexity\Test Files\test\project9.java,873,"String shortenText511(String textValue, Control control)",4
D:\Eclipse\CognitiveComplexity\Test Files\test\project9.java,908,"String shortenText512(String textValue, Control control)",4
D:\Eclipse\CognitiveComplexity\Test Files\test\project9.java,943,"String shortenText513(String textValue, Control control)",4
D:\Eclipse\CognitiveComplexity\Test Files\test\project9.java,973,"String shortenText521(String textValue, Control control)",4
D:\Eclipse\CognitiveComplexity\Test Files\test\project9.java,1011,"String shortenText522(String textValue, Control control)",4
D:\Eclipse\CognitiveComplexity\Test Files\test\project9.java,1049,"String shortenText523(String textValue, Control control)",4
D:\Eclipse\CognitiveComplexity\Test Files\test\project9.java,1076,int getFullMoveCount(),0
D:\Eclipse\CognitiveComplexity\Test Files\test\project9.java,1080,boolean isWhitesMove(),0
D:\Eclipse\CognitiveComplexity\Test Files\test\project9.java,1084,SublineNode[] getSublines(),0
D:\Eclipse\CognitiveComplexity\Test Files\test\project9.java,1089,Comment[] getComments(),0
D:\Eclipse\CognitiveComplexity\Test Files\test\project9.java,1094,Nag[] getNags(),0
D:\Eclipse\CognitiveComplexity\Test Files\test\project9.java,1098,TimeTakenForMove getTimeTakenForMove(),0
D:\Eclipse\CognitiveComplexity\Test Files\test\project9.java,1104,char[] getText(),0
D:\Eclipse\CognitiveComplexity\Test Files\test\project9.java,1110,Bounds getBounds(),0
D:\Eclipse\CognitiveComplexity\Test Files\test\project9.java,1116,GraphicsContext(Control control),0
D:\Eclipse\CognitiveComplexity\Test Files\test\project9.java,1119,Extent textExtent(String textValue),0
D:\Eclipse\CognitiveComplexity\Test Files\test\project9.java,1123,void dispose(),0
D:\Eclipse\CognitiveComplexity\Test Files\test\project9.java,1137,char[] getNagString(),0
D:\Eclipse\CognitiveComplexity\Test Files\test\project9.java,1143,char[] getText(),0
D:\Eclipse\CognitiveComplexity\Test Files\test\project9.java,1153,ProjectSpace eContainer(),0
D:\Eclipse\CognitiveComplexity\Test Files\test\project9.java,1159,PropertyManager getPropertyManager(),0
D:\Eclipse\CognitiveComplexity\Test Files\test\project9.java,1165,boolean isAcknowledged(),0
D:\Eclipse\CognitiveComplexity\Test Files\test\project9.java,1169,Collection getNotifications(),0
D:\Eclipse\CognitiveComplexity\Test Files\test\project9.java,1175,StoreProperty getLocalProperty(String notificationComposite),0
D:\Eclipse\CognitiveComplexity\Test Files\test\project9.java,1179,"void setLocalProperty(String notificationComposite, NotificationComposite nComposite)",0
D:\Eclipse\CognitiveComplexity\Test Files\test\project9.java,1185,Value getValue(),0
D:\Eclipse\CognitiveComplexity\Test Files\test\project9.java,1194,NotificationList getNotifications(),0
D:\Eclipse\CognitiveComplexity\Test Files\test\project9.java,1200,NotificationComposite createNotificationComposite(),0
D:\Eclipse\CognitiveComplexity\Test Files\test\project9.java,1206,int size(),0
D:\Eclipse\CognitiveComplexity\Test Files\test\project9.java,1211,boolean isEmpty(),0
D:\Eclipse\CognitiveComplexity\Test Files\test\project9.java,1216,boolean contains(Object o),0
D:\Eclipse\CognitiveComplexity\Test Files\test\project9.java,1221,Iterator iterator(),0
D:\Eclipse\CognitiveComplexity\Test Files\test\project9.java,1226,Object[] toArray(),0
D:\Eclipse\CognitiveComplexity\Test Files\test\project9.java,1231,boolean add(Object o),0
D:\Eclipse\CognitiveComplexity\Test Files\test\project9.java,1236,boolean remove(Object o),0
D:\Eclipse\CognitiveComplexity\Test Files\test\project9.java,1241,boolean addAll(Collection c),0
D:\Eclipse\CognitiveComplexity\Test Files\test\project9.java,1246,void clear(),0
D:\Eclipse\CognitiveComplexity\Test Files\test\project9.java,1251,boolean equals(Object o),0
D:\Eclipse\CognitiveComplexity\Test Files\test\project9.java,1256,int hashCode(),0
D:\Eclipse\CognitiveComplexity\Test Files\test\project9.java,1261,boolean retainAll(Collection c),0
D:\Eclipse\CognitiveComplexity\Test Files\test\project9.java,1266,boolean removeAll(Collection c),0
D:\Eclipse\CognitiveComplexity\Test Files\test\project9.java,1271,boolean containsAll(Collection c),0
D:\Eclipse\CognitiveComplexity\Test Files\test\project9.java,1276,Object[] toArray(Object[] a),0
D:\Eclipse\CognitiveComplexity\Test Files\test\project9.java,1285,Object getColumnsCount(),0
D:\Eclipse\CognitiveComplexity\Test Files\test\project9.java,1289,BoxModelOption getBoxModel(),0
D:\Eclipse\CognitiveComplexity\Test Files\test\project9.java,1293,UTableCell[] getEntries(),0
D:\Eclipse\CognitiveComplexity\Test Files\test\project9.java,1299,Table(Object columnsCount),0
D:\Eclipse\CognitiveComplexity\Test Files\test\project9.java,1303,void setBorderColor(Color color),0
D:\Eclipse\CognitiveComplexity\Test Files\test\project9.java,1307,void addCell(Cell cell),0
D:\Eclipse\CognitiveComplexity\Test Files\test\project9.java,1313,UColor getBorderColor(),0
D:\Eclipse\CognitiveComplexity\Test Files\test\project9.java,1317,UColor getBackgroundColor(),0
D:\Eclipse\CognitiveComplexity\Test Files\test\project9.java,1323,Cell(USegment no),0
D:\Eclipse\CognitiveComplexity\Test Files\test\project9.java,1327,Cell(String no),0
D:\Eclipse\CognitiveComplexity\Test Files\test\project9.java,1331,void setBackgroundColor(UColor backgroundColor),0
D:\Eclipse\CognitiveComplexity\Test Files\test\project9.java,1337,UParagraph getContent(),0
D:\Eclipse\CognitiveComplexity\Test Files\test\project9.java,1341,BoxModelOption getBoxModel(),0
D:\Eclipse\CognitiveComplexity\Test Files\test\project9.java,1347,UChildren getChildren(),0
D:\Eclipse\CognitiveComplexity\Test Files\test\project9.java,1353,Path getPath(),0
D:\Eclipse\CognitiveComplexity\Test Files\test\project9.java,1359,int getRed(),0
D:\Eclipse\CognitiveComplexity\Test Files\test\project9.java,1363,int getGreen(),0
D:\Eclipse\CognitiveComplexity\Test Files\test\project9.java,1367,int getBlue(),0
D:\Eclipse\CognitiveComplexity\Test Files\test\project9.java,1373,UImage get(int i),0
D:\Eclipse\CognitiveComplexity\Test Files\test\project9.java,1377,int size(),0
D:\Eclipse\CognitiveComplexity\Test Files\test\project9.java,1383,USegment lastSegment(),0
D:\Eclipse\CognitiveComplexity\Test Files\test\project9.java,1389,boolean startsWith(String aFalse),0
D:\Eclipse\CognitiveComplexity\Test Files\test\project9.java,1394,"void appendSubline(StringBuilder builder, SublineNode subline)",0
D:\Eclipse\CognitiveComplexity\Test Files\test\SpringBatch.java,28,void testFailureAndRecovery(),8
D:\Eclipse\CognitiveComplexity\Test Files\test\SpringBatch.java,75,void testArtifactUniqueness(),0
D:\Eclipse\CognitiveComplexity\Test Files\test\SpringBatch.java,108,void testOperationWithDirectCloseCall(),0
D:\Eclipse\CognitiveComplexity\Test Files\test\SpringBatch.java,140,T mock(Class<T> connectionClass),0
D:\Eclipse\CognitiveComplexity\Test Files\test\SpringBatch.java,146,void testCustomRecordSeparatorMultilineBlankLineAfterEnd(),4
D:\Eclipse\CognitiveComplexity\Test Files\test\SpringBatch.java,181,void initWriterForSimpleCallbackTests(),4
D:\Eclipse\CognitiveComplexity\Test Files\test\SpringBatch.java,216,ItmWriter createItemWriter(),0
D:\Eclipse\CognitiveComplexity\Test Files\test\SpringBatch.java,220,Resource getInputResource(String s),0
D:\Eclipse\CognitiveComplexity\Test Files\test\SpringBatch.java,224,"void assertNotSame(String s, Connection con2, Connection con1)",0
D:\Eclipse\CognitiveComplexity\Test Files\test\SpringBatch.java,228,"void assertSame(String should_be_same_connection, Connection con1_1, Connection con1)",0
D:\Eclipse\CognitiveComplexity\Test Files\test\SpringBatch.java,232,Returner when(Connection connection),0
D:\Eclipse\CognitiveComplexity\Test Files\test\SpringBatch.java,236,"void assertEquals(String foo, Object poll)",0
D:\Eclipse\CognitiveComplexity\Test Files\test\SpringBatch.java,240,"void assertTrue(String exit_status_must_contain_listener3, boolean listener3)",0
D:\Eclipse\CognitiveComplexity\Test Files\test\SpringBatch.java,244,"JobExecution runJob(String jsrUniqueInstanceTests, Properties properties, long l)",0
D:\Eclipse\CognitiveComplexity\Test Files\test\SpringBatch.java,249,String getExitStatus(),0
D:\Eclipse\CognitiveComplexity\Test Files\test\SpringBatch.java,258,void setRetryPolicy(NeverRetryPolicy neverRetryPolicy),0
D:\Eclipse\CognitiveComplexity\Test Files\test\SpringBatch.java,262,"void execute(RetryCallback<Message, Exception> callback, RecoveryCallback<Message> recoveryCallback, DefaultRetryState defaultRetryState)",0
D:\Eclipse\CognitiveComplexity\Test Files\test\SpringBatch.java,271,void initializeProxy(),0
D:\Eclipse\CognitiveComplexity\Test Files\test\SpringBatch.java,275,void start(),0
D:\Eclipse\CognitiveComplexity\Test Files\test\SpringBatch.java,279,void setMessageListener(MessageListener messageListener),0
D:\Eclipse\CognitiveComplexity\Test Files\test\SpringBatch.java,285,Object getText(),0
D:\Eclipse\CognitiveComplexity\Test Files\test\SpringBatch.java,289,Object getJMSMessageID(),0
D:\Eclipse\CognitiveComplexity\Test Files\test\SpringBatch.java,295,Message doWithRetry(RetryContext context),0
D:\Eclipse\CognitiveComplexity\Test Files\test\SpringBatch.java,305,void add(Object text),0
D:\Eclipse\CognitiveComplexity\Test Files\test\SpringBatch.java,309,"Object poll(int i, TimeUnit seconds)",0
D:\Eclipse\CognitiveComplexity\Test Files\test\SpringBatch.java,313,"void convertAndSend(String queue, String foo)",0
D:\Eclipse\CognitiveComplexity\Test Files\test\SpringBatch.java,322,Message recover(RetryContext context),0
D:\Eclipse\CognitiveComplexity\Test Files\test\SpringBatch.java,326,DefaultRetryState(Object jmsMessageID),0
D:\Eclipse\CognitiveComplexity\Test Files\test\SpringBatch.java,331,void onMessage(Message msg),0
D:\Eclipse\CognitiveComplexity\Test Files\test\SpringBatch.java,335,void thenReturn(Connection con),0
D:\Eclipse\CognitiveComplexity\Test Files\test\SpringBatch.java,341,ExtendedConnectionDataSourceProxy(DataSource ds),0
D:\Eclipse\CognitiveComplexity\Test Files\test\SpringBatch.java,344,Connection getConnection(),0
D:\Eclipse\CognitiveComplexity\Test Files\test\SpringBatch.java,348,void startCloseSuppression(Connection con1),0
D:\Eclipse\CognitiveComplexity\Test Files\test\SpringBatch.java,352,void stopCloseSuppression(Connection con1),0
D:\Eclipse\CognitiveComplexity\Test Files\test\SpringBatch.java,356,boolean shouldClose(Connection con1),0
D:\Eclipse\CognitiveComplexity\Test Files\test\SpringBatch.java,362,void setHeaderCallback(StaxWriterCallback staxWriterCallback),0
D:\Eclipse\CognitiveComplexity\Test Files\test\SpringBatch.java,366,void setFooterCallback(StaxWriterCallback staxWriterCallback),0
D:\Eclipse\CognitiveComplexity\Test Files\test\SpringBatch.java,370,void setRootTagName(String s),0
D:\Eclipse\CognitiveComplexity\Test Files\test\SpringBatch.java,374,void afterPropertiesSet(),0
